Appotea,Delta Nutrition Supreme PWO,219,yes,0
Appotea,WellAware PWO pulver ,269,yes,0
Atletbutiken,SSN Alpha Pump,349,no,49
Atletbutiken,SSN Awaken,369,yes,49
Atletbutiken,Sportlab BERZERK 5th,398,yes,49
Atletbutiken,Self Omninutrition Inject PWO,279,yes,49
Atletbutiken,Ä NANO Hype Beast,399,no,49
Atletbutiken,Aware Nutrition Aura_7 PWO,399,yes,49
Aware Nutrition,Aware Nutrition PWO,349,yes,45
Aware Nutrition,Aware Nutrition Aura_7 PWO,399,yes,45
CDON,Gaam Candy series P.W.R,169,yes,39
CDON,Aware Nutrition PWO,349,yes,39
CDON,Delta Nutrition Supreme PWO,249,yes,39
CDON,Rich Piana Nutrition Legendary,495,yes,39
CDON,PULS Nutrition Pre Workout,199,yes,39
CDON,FAST Sport Nutrition Prework,169,yes,39
Cykelkraft,Gaam Candy series P.W.R,269,yes,59
Golden athlete,Viterna Samurai Fury ,379,yes,59
Gymgrossisten,Delta Nutrition Supreme PWO,249,yes,29
Gymgrossisten,Delta Nutrition Xtreme Muscle Pump,299,yes,29
Gymgrossisten,Aldrig Vila Pre Workout Complete 2.0,399,no,29
MM sports,Fairing PUMP,249,no,29
MM sports,Aldrig Vila Pre Workout Complete 2.0,399,no,29
Proteinbutiken,Sportlab BERZERK 5th,398,yes,55
Proteinbolaget,Gaam Candy series P.W.R,269,yes,29
Proteinbolaget,Aware Nutrition PWO,349,no,29
Proteinbolaget,Delta Nutrition Supreme PWO,249,yes,29
Proteinbolaget,Gaam PUMP,299,yes,29
Proteinbolaget,SSN Alpha Pump,329,no,29
Proteinbolaget,Viterna Samurai Fury ,379,yes,29
Proteinbolaget,SSN Awaken,399,no,29
Proteinbolaget,Womens best Pre Workout Booster,399,yes,29
Proteinbolaget,WellAware PWO pulver ,224,no,29
Proteinbolaget,Sportlab BERZERK 5th,398,yes,29
Proteinbolaget,Delta Nutrition Xtreme Muscle Pump,299,yes,29
Proteinbolaget,Fairing PUMP,249,yes,29
Proteinbolaget,Rich Piana Nutrition Legendary,495,yes,29
Proteinbolaget,Scitec Nutrition Attack! 2.0,199,yes,29
Proteinbolaget,Self Omninutrition Inject PWO,379,yes,29
Proteinbolaget,PULS Nutrition Pre Workout,199,yes,29
Proteinbolaget,Aldrig Vila Pre Workout Complete 2.0,399,yes,29
Proteinbolaget,Ä NANO Hype Beast,279,yes,29
Proteinbolaget,FAST Sport Nutrition Prework,169,yes,29
Proteinbolaget,Aware Nutrition Aura_7 PWO,399,no,29
Sportlab,Sportlab BERZERK 5th,398,yes,80
SSN,SSN Alpha Pump,349,yes,49
SSN,SSN Awaken,399,yes,49
Svenskt kostilskott,Self Omninutrition Inject PWO,379,yes,0
Tillskottsbolaget,Aware Nutrition PWO,349,no,49
Tillskottsbolaget,SSN Alpha Pump,329,yes,49
Tillskottsbolaget,SSN Awaken,299,yes,49
Tillskottsbolaget,Fairing PUMP,199,yes,49
Tillskottsbolaget,Aware Nutrition Aura_7 PWO,399,yes,49
Träningsmaskiner,Gaam Candy series P.W.R,249,yes,95
Träningsmaskiner,Fairing PUMP,249,yes,95
Träningsmaskiner,Rich Piana Nutrition Legendary,495,yes,95
Träningsmaskiner,PULS Nutrition Pre Workout,199,yes,95
Träningsmaskiner,Aldrig Vila Pre Workout Complete 2.0,399,yes,95
Träningsmaskiner,FAST Sport Nutrition Prework,169,yes,95
Wellaware,WellAware PWO pulver ,299,yes,0
Womens best,Womens best Pre Workout Booster,394,yes,95
,,,,
,,,,
,,,,
Reseller,Pwo_name,Price,In_stock,Shipping in kr